County,County Code,Year,Year Code,Births,Total Population,Birth Rate
"Baldwin County, AL",1003,2010,2010,2167,182265,11.89
"Baldwin County, AL",1003,2020,2020,2292,229287,10
"Calhoun County, AL",1015,2010,2010,1318,118572,11.12
"Calhoun County, AL",1015,2020,2020,1262,113469,11.12
"Etowah County, AL",1055,2010,2010,1236,104430,11.84
"Etowah County, AL",1055,2020,2020,1171,102371,11.44
"Houston County, AL",1069,2020,2020,1337,106580,12.54
"Jefferson County, AL",1073,2010,2010,8894,658466,13.51
"Jefferson County, AL",1073,2020,2020,7929,655342,12.1
"Lee County, AL",1081,2010,2010,1532,140247,10.92
"Lee County, AL",1081,2020,2020,1842,166831,11.04
"Madison County, AL",1089,2010,2010,4195,334811,12.53
"Madison County, AL",1089,2020,2020,4337,379453,11.43
"Mobile County, AL",1097,2010,2010,5707,412992,13.82
"Mobile County, AL",1097,2020,2020,5302,412716,12.85
"Montgomery County, AL",1101,2010,2010,3084,229363,13.45
"Montgomery County, AL",1101,2020,2020,3138,224639,13.97
"Morgan County, AL",1103,2010,2010,1504,119490,12.59
"Morgan County, AL",1103,2020,2020,1464,119883,12.21
"Shelby County, AL",1117,2010,2010,2498,195085,12.8
"Shelby County, AL",1117,2020,2020,2230,221428,10.07
"Tuscaloosa County, AL",1125,2010,2010,2470,194656,12.69
"Tuscaloosa County, AL",1125,2020,2020,2570,210758,12.19
"Unidentified Counties, AL",1999,2010,2010,25445,2089359,12.18
"Unidentified Counties, AL",1999,2020,2020,22773,1978775,11.51
"Anchorage Borough, AK",2020,2010,2010,4575,291826,15.68
"Anchorage Borough, AK",2020,2020,2020,3773,287095,13.14
"Unidentified Counties, AK",2999,2010,2010,6896,418405,16.48
"Unidentified Counties, AK",2999,2020,2020,5696,444063,12.83
"Cochise County, AZ",4003,2010,2010,1783,131346,13.57
"Cochise County, AZ",4003,2020,2020,1279,127450,10.04
"Coconino County, AZ",4005,2010,2010,1784,134421,13.27
"Coconino County, AZ",4005,2020,2020,1328,142481,9.32
"Maricopa County, AZ",4013,2010,2010,54348,3817117,14.24
"Maricopa County, AZ",4013,2020,2020,49365,4579081,10.78
"Mohave County, AZ",4015,2010,2010,2170,200186,10.84
"Mohave County, AZ",4015,2020,2020,1710,217206,7.87
"Navajo County, AZ",4017,2020,2020,1305,112112,11.64
"Pima County, AZ",4019,2010,2010,12184,980263,12.43
"Pima County, AZ",4019,2020,2020,10050,1061175,9.47
"Pinal County, AZ",4021,2010,2010,4998,375770,13.3
"Pinal County, AZ",4021,2020,2020,4650,480828,9.67
"Yavapai County, AZ",4025,2010,2010,1827,211033,8.66
"Yavapai County, AZ",4025,2020,2020,1689,240226,7.03
"Yuma County, AZ",4027,2010,2010,3230,195751,16.5
"Yuma County, AZ",4027,2020,2020,2980,217824,13.68
"Unidentified Counties, AZ",4999,2010,2010,5153,346130,14.89
"Unidentified Counties, AZ",4999,2020,2020,2591,243018,10.66
"Benton County, AR",5007,2010,2010,3214,221339,14.52
"Benton County, AR",5007,2020,2020,3661,288774,12.68
"Faulkner County, AR",5045,2020,2020,1494,126919,11.77
"Pulaski County, AR",5119,2010,2010,5763,382748,15.06
"Pulaski County, AR",5119,2020,2020,5041,392980,12.83
"Saline County, AR",5125,2020,2020,1285,123968,10.37
"Sebastian County, AR",5131,2010,2010,1738,125744,13.82
"Sebastian County, AR",5131,2020,2020,1550,127590,12.15
"Washington County, AR",5143,2010,2010,3213,203065,15.82
"Washington County, AR",5143,2020,2020,3086,243216,12.69
"Unidentified Counties, AR",5999,2010,2010,24612,1983022,12.41
"Unidentified Counties, AR",5999,2020,2020,19134,1727075,11.08
"Alameda County, CA",6001,2010,2010,19306,1510271,12.78
"Alameda County, CA",6001,2020,2020,17316,1662323,10.42
"Butte County, CA",6007,2010,2010,2457,220000,11.17
"Butte County, CA",6007,2020,2020,1991,212744,9.36
"Contra Costa County, CA",6013,2010,2010,12358,1049025,11.78
"Contra Costa County, CA",6013,2020,2020,11760,1152333,10.21
"El Dorado County, CA",6017,2010,2010,1621,181058,8.95
"El Dorado County, CA",6017,2020,2020,1465,192925,7.59
"Fresno County, CA",6019,2010,2010,16283,930450,17.5
"Fresno County, CA",6019,2020,2020,13825,1000918,13.81
"Humboldt County, CA",6023,2010,2010,1551,134623,11.52
"Humboldt County, CA",6023,2020,2020,1265,134977,9.37
"Imperial County, CA",6025,2010,2010,3081,174528,17.65
"Imperial County, CA",6025,2020,2020,2329,180267,12.92
"Kern County, CA",6029,2010,2010,14419,839631,17.17
"Kern County, CA",6029,2020,2020,12356,901362,13.71
"Kings County, CA",6031,2010,2010,2509,152982,16.4
"Kings County, CA",6031,2020,2020,2252,152692,14.75
"Los Angeles County, CA",6037,2010,2010,133252,9818605,13.57
"Los Angeles County, CA",6037,2020,2020,98060,9943046,9.86
"Madera County, CA",6039,2010,2010,2434,150865,16.13
"Madera County, CA",6039,2020,2020,2097,157761,13.29
"Marin County, CA",6041,2010,2010,2371,252409,9.39
"Marin County, CA",6041,2020,2020,2078,257332,8.08
"Merced County, CA",6047,2010,2010,4249,255793,16.61
"Merced County, CA",6047,2020,2020,3732,279252,13.36
"Monterey County, CA",6053,2010,2010,6765,415057,16.3
"Monterey County, CA",6053,2020,2020,5575,430906,12.94
"Napa County, CA",6055,2010,2010,1525,136484,11.17
"Napa County, CA",6055,2020,2020,1207,135965,8.88
"Orange County, CA",6059,2010,2010,38250,3010232,12.71
"Orange County, CA",6059,2020,2020,31014,3166857,9.79
"Placer County, CA",6061,2010,2010,3825,348432,10.98
"Placer County, CA",6061,2020,2020,3494,402950,8.67
"Riverside County, CA",6065,2010,2010,30670,2189641,14.01
"Riverside County, CA",6065,2020,2020,26955,2489188,10.83
"Sacramento County, CA",6067,2010,2010,20056,1418788,14.14
"Sacramento County, CA",6067,2020,2020,18032,1559146,11.57
"San Bernardino County, CA",6071,2010,2010,31368,2035210,15.41
"San Bernardino County, CA",6071,2020,2020,26706,2189183,12.2
"San Diego County, CA",6073,2010,2010,44867,3095313,14.5
"San Diego County, CA",6073,2020,2020,37161,3332427,11.15
"San Francisco County, CA",6075,2010,2010,8806,805235,10.94
"San Francisco County, CA",6075,2020,2020,8014,866606,9.25
"San Joaquin County, CA",6077,2010,2010,10596,685306,15.46
"San Joaquin County, CA",6077,2020,2020,9690,767967,12.62
"San Luis Obispo County, CA",6079,2010,2010,2735,269637,10.14
"San Luis Obispo County, CA",6079,2020,2020,2360,282249,8.36
"San Mateo County, CA",6081,2010,2010,9194,718451,12.8
"San Mateo County, CA",6081,2020,2020,7716,758308,10.18
"Santa Barbara County, CA",6083,2010,2010,5821,423895,13.73
"Santa Barbara County, CA",6083,2020,2020,5344,444766,12.02
"Santa Clara County, CA",6085,2010,2010,23940,1781642,13.44
"Santa Clara County, CA",6085,2020,2020,19575,1907105,10.26
"Santa Cruz County, CA",6087,2010,2010,3192,262382,12.17
"Santa Cruz County, CA",6087,2020,2020,2189,269925,8.11
"Shasta County, CA",6089,2010,2010,2136,177223,12.05
"Shasta County, CA",6089,2020,2020,1841,179027,10.28
"Solano County, CA",6095,2010,2010,5050,413344,12.22
"Solano County, CA",6095,2020,2020,4957,446935,11.09
"Sonoma County, CA",6097,2010,2010,5393,483878,11.15
"Sonoma County, CA",6097,2020,2020,4312,489819,8.8
"Stanislaus County, CA",6099,2010,2010,7806,514453,15.17
"Stanislaus County, CA",6099,2020,2020,7118,550081,12.94
"Tulare County, CA",6107,2010,2010,8155,442179,18.44
"Tulare County, CA",6107,2020,2020,6658,468680,14.21
"Ventura County, CA",6111,2010,2010,11150,823318,13.54
"Ventura County, CA",6111,2020,2020,8241,841387,9.79
"Yolo County, CA",6113,2010,2010,2427,200849,12.08
"Yolo County, CA",6113,2020,2020,1957,219728,8.91
"Unidentified Counties, CA",6999,2010,2010,10580,932767,11.34
"Unidentified Counties, CA",6999,2020,2020,9617,940941,10.22
"Adams County, CO",8001,2010,2010,6786,441603,15.37
"Adams County, CO",8001,2020,2020,6034,519883,11.61
"Arapahoe County, CO",8005,2010,2010,7512,572003,13.13
"Arapahoe County, CO",8005,2020,2020,7307,657452,11.11
"Boulder County, CO",8013,2010,2010,3059,294567,10.38
"Boulder County, CO",8013,2020,2020,2459,327171,7.52
"Denver County, CO",8031,2010,2010,10375,600158,17.29
"Denver County, CO",8031,2020,2020,9195,735538,12.5
"Douglas County, CO",8035,2010,2010,3548,285465,12.43
"Douglas County, CO",8035,2020,2020,3474,360750,9.63
"El Paso County, CO",8041,2010,2010,9159,622263,14.72
"El Paso County, CO",8041,2020,2020,9180,728310,12.6
"Jefferson County, CO",8059,2010,2010,5637,534543,10.55
"Jefferson County, CO",8059,2020,2020,5500,583283,9.43
"Larimer County, CO",8069,2010,2010,3351,299630,11.18
"Larimer County, CO",8069,2020,2020,2946,360428,8.17
"Mesa County, CO",8077,2010,2010,1905,146723,12.98
"Mesa County, CO",8077,2020,2020,1524,155603,9.79
"Pueblo County, CO",8101,2010,2010,1940,159063,12.2
"Pueblo County, CO",8101,2020,2020,1715,169823,10.1
"Weld County, CO",8123,2010,2010,3792,252825,15
"Weld County, CO",8123,2020,2020,4350,333983,13.02
"Unidentified Counties, CO",8999,2010,2010,9291,820353,11.33
"Unidentified Counties, CO",8999,2020,2020,7810,875495,8.92
"Fairfield County, CT",9001,2010,2010,10540,916829,11.5
"Fairfield County, CT",9001,2020,2020,9430,942426,10.01
"Hartford County, CT",9003,2010,2010,9736,894014,10.89
"Hartford County, CT",9003,2020,2020,8693,889226,9.78
"Litchfield County, CT",9005,2010,2010,1586,189927,8.35
"Litchfield County, CT",9005,2020,2020,1341,179610,7.47
"Middlesex County, CT",9007,2010,2010,1486,165676,8.97
"Middlesex County, CT",9007,2020,2020,1246,161657,7.71
"New Haven County, CT",9009,2010,2010,9223,862477,10.69
"New Haven County, CT",9009,2020,2020,8226,851948,9.66
"New London County, CT",9011,2010,2010,2757,274055,10.06
"New London County, CT",9011,2020,2020,2380,264999,8.98
"Tolland County, CT",9013,2010,2010,1208,152691,7.91
"Tolland County, CT",9013,2020,2020,1153,150600,7.66
"Windham County, CT",9015,2010,2010,1172,118428,9.9
"Windham County, CT",9015,2020,2020,991,116540,8.5
"Kent County, DE",10001,2010,2010,2227,162310,13.72
"Kent County, DE",10001,2020,2020,2096,183643,11.41
"New Castle County, DE",10003,2010,2010,6867,538479,12.75
"New Castle County, DE",10003,2020,2020,6116,561531,10.89
"Sussex County, DE",10005,2010,2010,2270,197145,11.51
"Sussex County, DE",10005,2020,2020,2180,241635,9.02
"District of Columbia, DC",11001,2010,2010,9165,601723,15.23
"District of Columbia, DC",11001,2020,2020,8874,712816,12.45
"Alachua County, FL",12001,2010,2010,2866,247336,11.59
"Alachua County, FL",12001,2020,2020,2551,271218,9.41
"Bay County, FL",12005,2010,2010,2205,168852,13.06
"Bay County, FL",12005,2020,2020,1896,171322,11.07
"Brevard County, FL",12009,2010,2010,4967,543376,9.14
"Brevard County, FL",12009,2020,2020,4922,608459,8.09
"Broward County, FL",12011,2010,2010,21349,1748066,12.21
"Broward County, FL",12011,2020,2020,19946,1958105,10.19
"Charlotte County, FL",12015,2010,2010,1014,159978,6.34
"Charlotte County, FL",12015,2020,2020,1043,194711,5.36
"Citrus County, FL",12017,2010,2010,1043,141236,7.38
"Citrus County, FL",12017,2020,2020,1055,153010,6.89
"Clay County, FL",12019,2010,2010,2135,190865,11.19
"Clay County, FL",12019,2020,2020,2107,221770,9.5
"Collier County, FL",12021,2010,2010,3339,321520,10.39
"Collier County, FL",12021,2020,2020,3166,392973,8.06
"Duval County, FL",12031,2010,2010,12618,864263,14.6
"Duval County, FL",12031,2020,2020,12495,966728,12.93
"Escambia County, FL",12033,2010,2010,3925,297619,13.19
"Escambia County, FL",12033,2020,2020,3731,322364,11.57
"Hernando County, FL",12053,2010,2010,1461,172778,8.46
"Hernando County, FL",12053,2020,2020,1589,198792,7.99
"Hillsborough County, FL",12057,2010,2010,16412,1229226,13.35
"Hillsborough County, FL",12057,2020,2020,16589,1497957,11.07
"Indian River County, FL",12061,2010,2010,1307,138028,9.47
"Indian River County, FL",12061,2020,2020,1194,162518,7.35
"Lake County, FL",12069,2010,2010,3124,297052,10.52
"Lake County, FL",12069,2020,2020,3301,375492,8.79
"Lee County, FL",12071,2010,2010,6321,618754,10.22
"Lee County, FL",12071,2020,2020,6775,790767,8.57
"Leon County, FL",12073,2010,2010,3092,275487,11.22
"Leon County, FL",12073,2020,2020,2936,295460,9.94
"Manatee County, FL",12081,2010,2010,3348,322833,10.37
"Manatee County, FL",12081,2020,2020,3392,411219,8.25
"Marion County, FL",12083,2010,2010,3402,331298,10.27
"Marion County, FL",12083,2020,2020,3422,373513,9.16
"Martin County, FL",12085,2010,2010,1228,146318,8.39
"Martin County, FL",12085,2020,2020,1248,162088,7.7
"Miami-Dade County, FL",12086,2010,2010,31353,2496435,12.56
"Miami-Dade County, FL",12086,2020,2020,27675,2707303,10.22
"Okaloosa County, FL",12091,2010,2010,2532,180822,14
"Okaloosa County, FL",12091,2020,2020,2558,212820,12.02
"Orange County, FL",12095,2010,2010,15191,1145956,13.26
"Orange County, FL",12095,2020,2020,15707,1404396,11.18
"Osceola County, FL",12097,2010,2010,3715,268685,13.83
"Osceola County, FL",12097,2020,2020,4481,385315,11.63
"Palm Beach County, FL",12099,2010,2010,13834,1320134,10.48
"Palm Beach County, FL",12099,2020,2020,14112,1507600,9.36
"Pasco County, FL",12101,2010,2010,4801,464697,10.33
"Pasco County, FL",12101,2020,2020,4968,570412,8.71
"Pinellas County, FL",12103,2010,2010,8468,916542,9.24
"Pinellas County, FL",12103,2020,2020,7462,976802,7.64
"Polk County, FL",12105,2010,2010,7420,602095,12.32
"Polk County, FL",12105,2020,2020,7984,744552,10.72
"St. Johns County, FL",12109,2010,2010,1815,190039,9.55
"St. Johns County, FL",12109,2020,2020,2148,278715,7.71
"St. Lucie County, FL",12111,2010,2010,3077,277789,11.08
"St. Lucie County, FL",12111,2020,2020,3024,337186,8.97
"Santa Rosa County, FL",12113,2010,2010,1713,151372,11.32
"Santa Rosa County, FL",12113,2020,2020,1844,189139,9.75
"Sarasota County, FL",12115,2010,2010,2818,379448,7.43
"Sarasota County, FL",12115,2020,2020,2653,443465,5.98
"Seminole County, FL",12117,2010,2010,4381,422718,10.36
"Seminole County, FL",12117,2020,2020,4437,474171,9.36
"Volusia County, FL",12127,2010,2010,4709,494593,9.52
"Volusia County, FL",12127,2020,2020,4726,561497,8.42
"Unidentified Counties, FL",12999,2010,2010,13607,1275100,10.67
"Unidentified Counties, FL",12999,2020,2020,12534,1411473,8.88
"Bartow County, GA",13015,2020,2020,1303,109426,11.91
"Bibb County, GA",13021,2010,2010,2492,155547,16.02
"Bibb County, GA",13021,2020,2020,2112,152737,13.83
"Carroll County, GA",13045,2020,2020,1626,121633,13.37
"Chatham County, GA",13051,2010,2010,3818,265128,14.4
"Chatham County, GA",13051,2020,2020,3500,289463,12.09
"Cherokee County, GA",13057,2010,2010,2930,214346,13.67
"Cherokee County, GA",13057,2020,2020,2528,265274,9.53
"Clarke County, GA",13059,2010,2010,1528,116714,13.09
"Clarke County, GA",13059,2020,2020,1301,127795,10.18
"Clayton County, GA",13063,2010,2010,4066,259424,15.67
"Clayton County, GA",13063,2020,2020,3628,292646,12.4
"Cobb County, GA",13067,2010,2010,9441,688078,13.72
"Cobb County, GA",13067,2020,2020,8650,762944,11.34
"Columbia County, GA",13073,2020,2020,1656,160377,10.33
"Coweta County, GA",13077,2020,2020,1481,150849,9.82
"DeKalb County, GA",13089,2010,2010,10857,691893,15.69
"DeKalb County, GA",13089,2020,2020,10158,762009,13.33
"Douglas County, GA",13097,2020,2020,1672,147988,11.3
"Fayette County, GA",13113,2020,2020,884,115821,7.63
"Forsyth County, GA",13117,2020,2020,2175,250847,8.67
"Fulton County, GA",13121,2010,2010,13988,920581,15.19
"Fulton County, GA",13121,2020,2020,12104,1077402,11.23
"Gwinnett County, GA",13135,2010,2010,11344,805321,14.09
"Gwinnett County, GA",13135,2020,2020,10560,942627,11.2
"Hall County, GA",13139,2010,2010,2621,179684,14.59
"Hall County, GA",13139,2020,2020,2483,206591,12.02
"Henry County, GA",13151,2010,2010,2679,203922,13.14
"Henry County, GA",13151,2020,2020,2643,239139,11.05
"Houston County, GA",13153,2010,2010,2007,139900,14.35
"Houston County, GA",13153,2020,2020,1919,160110,11.99
"Lowndes County, GA",13185,2020,2020,1581,118268,13.37
"Muscogee County, GA",13215,2010,2010,3298,189885,17.37
"Muscogee County, GA",13215,2020,2020,2815,196442,14.33
"Paulding County, GA",13223,2020,2020,1719,173359,9.92
"Richmond County, GA",13245,2010,2010,3006,200549,14.99
"Richmond County, GA",13245,2020,2020,2879,202079,14.25
"Whitfield County, GA",13313,2020,2020,1264,103837,12.17
"Unidentified Counties, GA",13999,2010,2010,59872,4656681,12.86
"Unidentified Counties, GA",13999,2020,2020,39832,3580354,11.13
"Hawaii County, HI",15001,2010,2010,2399,185079,12.96
"Hawaii County, HI",15001,2020,2020,2030,203340,9.98
"Honolulu County, HI",15003,2010,2010,13732,953207,14.41
"Honolulu County, HI",15003,2020,2020,11331,963826,11.76
"Maui County, HI",15009,2010,2010,2014,154834,13.01
"Maui County, HI",15009,2020,2020,1697,167902,10.11
"Unidentified Counties, HI",15999,2010,2010,843,67181,12.55
"Unidentified Counties, HI",15999,2020,2020,727,71938,10.11
"Ada County, ID",16001,2010,2010,5045,392365,12.86
"Ada County, ID",16001,2020,2020,4883,494399,9.88
"Bonneville County, ID",16019,2020,2020,1779,122134,14.57
"Canyon County, ID",16027,2010,2010,3155,188923,16.7
"Canyon County, ID",16027,2020,2020,3197,237053,13.49
"Kootenai County, ID",16055,2010,2010,1723,138494,12.44
"Kootenai County, ID",16055,2020,2020,1830,170628,10.73
"Unidentified Counties, ID",16999,2010,2010,13275,847800,15.66
"Unidentified Counties, ID",16999,2020,2020,9844,802699,12.26
"Champaign County, IL",17019,2010,2010,2348,201081,11.68
"Champaign County, IL",17019,2020,2020,2105,209192,10.06
"Cook County, IL",17031,2010,2010,73079,5194675,14.07
"Cook County, IL",17031,2020,2020,56119,5108284,10.99
"DeKalb County, IL",17037,2020,2020,1037,104491,9.92
"DuPage County, IL",17043,2010,2010,10768,916924,11.74
"DuPage County, IL",17043,2020,2020,9367,917481,10.21
"Kane County, IL",17089,2010,2010,7230,515269,14.03
"Kane County, IL",17089,2020,2020,5637,531010,10.62
"Kankakee County, IL",17091,2010,2010,1434,113449,12.64
"Kankakee County, IL",17091,2020,2020,1151,108594,10.6
"Kendall County, IL",17093,2020,2020,1403,130638,10.74
"Lake County, IL",17097,2010,2010,8444,703462,12
"Lake County, IL",17097,2020,2020,6611,693593,9.53
"LaSalle County, IL",17099,2010,2010,1260,113924,11.06
"LaSalle County, IL",17099,2020,2020,1068,107571,9.93
"McHenry County, IL",17111,2010,2010,3432,308760,11.12
"McHenry County, IL",17111,2020,2020,2986,305888,9.76
"McLean County, IL",17113,2010,2010,2121,169572,12.51
"McLean County, IL",17113,2020,2020,1699,171256,9.92
"Macon County, IL",17115,2010,2010,1429,110768,12.9
"Macon County, IL",17115,2020,2020,1253,103015,12.16
"Madison County, IL",17119,2010,2010,3234,269282,12.01
"Madison County, IL",17119,2020,2020,2596,262635,9.88
"Peoria County, IL",17143,2010,2010,2564,186494,13.75
"Peoria County, IL",17143,2020,2020,2234,177652,12.58
"Rock Island County, IL",17161,2010,2010,1968,147546,13.34
"Rock Island County, IL",17161,2020,2020,1586,140907,11.26
"St. Clair County, IL",17163,2010,2010,3498,270056,12.95
"St. Clair County, IL",17163,2020,2020,2879,258046,11.16
"Sangamon County, IL",17167,2010,2010,2481,197465,12.56
"Sangamon County, IL",17167,2020,2020,2165,193882,11.17
"Tazewell County, IL",17179,2010,2010,1606,135394,11.86
"Tazewell County, IL",17179,2020,2020,1256,130777,9.6
"Will County, IL",17197,2010,2010,8561,677560,12.64
"Will County, IL",17197,2020,2020,6823,688726,9.91
"Winnebago County, IL",17201,2010,2010,3783,295266,12.81
"Winnebago County, IL",17201,2020,2020,3373,281295,11.99
"Unidentified Counties, IL",17999,2010,2010,25960,2303685,11.27
"Unidentified Counties, IL",17999,2020,2020,19950,1962597,10.17
"Allen County, IN",18003,2010,2010,5309,355329,14.94
"Allen County, IN",18003,2020,2020,5198,382187,13.6
"Clark County, IN",18019,2020,2020,1356,119266,11.37
"Delaware County, IN",18035,2010,2010,1245,117671,10.58
"Delaware County, IN",18035,2020,2020,1067,113454,9.4
"Elkhart County, IN",18039,2010,2010,3013,197559,15.25
"Elkhart County, IN",18039,2020,2020,2898,206161,14.06
"Hamilton County, IN",18057,2010,2010,3786,274569,13.79
"Hamilton County, IN",18057,2020,2020,3595,344238,10.44
"Hendricks County, IN",18063,2010,2010,1726,145448,11.87
"Hendricks County, IN",18063,2020,2020,1709,173251,9.86
"Johnson County, IN",18081,2010,2010,1772,139654,12.69
"Johnson County, IN",18081,2020,2020,1817,160607,11.31
"Lake County, IN",18089,2010,2010,6492,496005,13.09
"Lake County, IN",18089,2020,2020,5442,487536,11.16
"La Porte County, IN",18091,2010,2010,1304,111467,11.7
"La Porte County, IN",18091,2020,2020,1144,109663,10.43
"Madison County, IN",18095,2010,2010,1612,131636,12.25
"Madison County, IN",18095,2020,2020,1418,129681,10.93
"Marion County, IN",18097,2010,2010,14598,903393,16.16
"Marion County, IN",18097,2020,2020,13702,966183,14.18
"Monroe County, IN",18105,2010,2010,1316,137974,9.54
"Monroe County, IN",18105,2020,2020,1118,148219,7.54
"Porter County, IN",18127,2010,2010,1727,164343,10.51
"Porter County, IN",18127,2020,2020,1594,170980,9.32
"St. Joseph County, IN",18141,2010,2010,3505,266931,13.13
"St. Joseph County, IN",18141,2020,2020,3251,271484,11.97
"Tippecanoe County, IN",18157,2010,2010,2148,172780,12.43
"Tippecanoe County, IN",18157,2020,2020,2094,196115,10.68
"Vanderburgh County, IN",18163,2010,2010,2347,179703,13.06
"Vanderburgh County, IN",18163,2020,2020,2133,182447,11.69
"Vigo County, IN",18167,2010,2010,1309,107848,12.14
"Vigo County, IN",18167,2020,2020,1127,106608,10.57
"Unidentified Counties, IN",18999,2010,2010,30731,2581492,11.9
"Unidentified Counties, IN",18999,2020,2020,27953,2486873,11.24
"Black Hawk County, IA",19013,2010,2010,1689,131090,12.88
"Black Hawk County, IA",19013,2020,2020,1642,130786,12.55
"Johnson County, IA",19103,2010,2010,1797,130882,13.73
"Johnson County, IA",19103,2020,2020,1625,153740,10.57
"Linn County, IA",19113,2010,2010,2768,211226,13.1
"Linn County, IA",19113,2020,2020,2609,227854,11.45
"Polk County, IA",19153,2010,2010,6528,430640,15.16
"Polk County, IA",19153,2020,2020,6283,494281,12.71
"Scott County, IA",19163,2010,2010,2224,165224,13.46
"Scott County, IA",19163,2020,2020,1999,173216,11.54
"Woodbury County, IA",19193,2010,2010,1553,102172,15.2
"Woodbury County, IA",19193,2020,2020,1435,103138,13.91
"Unidentified Counties, IA",19999,2010,2010,22160,1875121,11.82
"Unidentified Counties, IA",19999,2020,2020,20521,1880546,10.91
"Douglas County, KS",20045,2020,2020,1020,122530,8.32
"Johnson County, KS",20091,2010,2010,7399,544179,13.6
"Johnson County, KS",20091,2020,2020,6830,607220,11.25
"Sedgwick County, KS",20173,2010,2010,8083,498365,16.22
"Sedgwick County, KS",20173,2020,2020,6520,519907,12.54
"Shawnee County, KS",20177,2010,2010,2501,177934,14.06
"Shawnee County, KS",20177,2020,2020,1994,175999,11.33
"Wyandotte County, KS",20209,2010,2010,2760,157505,17.52
"Wyandotte County, KS",20209,2020,2020,2478,165265,14.99
"Unidentified Counties, KS",20999,2010,2010,19906,1475135,13.49
"Unidentified Counties, KS",20999,2020,2020,15534,1322884,11.74
"Boone County, KY",21015,2020,2020,1666,135396,12.3
"Fayette County, KY",21067,2010,2010,3924,295803,13.27
"Fayette County, KY",21067,2020,2020,3676,324735,11.32
"Hardin County, KY",21093,2020,2020,1397,111309,12.55
"Jefferson County, KY",21111,2010,2010,10204,741096,13.77
"Jefferson County, KY",21111,2020,2020,9480,767452,12.35
"Kenton County, KY",21117,2010,2010,2394,159720,14.99
"Kenton County, KY",21117,2020,2020,2180,167949,12.98
"Warren County, KY",21227,2020,2020,1704,134510,12.67
"Unidentified Counties, KY",21999,2010,2010,39262,3142748,12.49
"Unidentified Counties, KY",21999,2020,2020,31565,2835900,11.13
"Ascension Parish, LA",22005,2020,2020,1655,128665,12.86
"Bossier Parish, LA",22015,2020,2020,1618,127275,12.71
"Caddo Parish, LA",22017,2010,2010,3892,254969,15.26
"Caddo Parish, LA",22017,2020,2020,2923,237479,12.31
"Calcasieu Parish, LA",22019,2010,2010,2600,192768,13.49
"Calcasieu Parish, LA",22019,2020,2020,2666,203310,13.11
"East Baton Rouge Parish, LA",22033,2010,2010,6084,440171,13.82
"East Baton Rouge Parish, LA",22033,2020,2020,5583,439729,12.7
"Jefferson Parish, LA",22051,2010,2010,5858,432552,13.54
"Jefferson Parish, LA",22051,2020,2020,5300,432346,12.26
"Lafayette Parish, LA",22055,2010,2010,3089,221578,13.94
"Lafayette Parish, LA",22055,2020,2020,3296,246518,13.37
"Livingston Parish, LA",22063,2020,2020,1847,143737,12.85
"Orleans Parish, LA",22071,2010,2010,4598,343829,13.37
"Orleans Parish, LA",22071,2020,2020,4375,389476,11.23
"Ouachita Parish, LA",22073,2010,2010,2203,153720,14.33
"Ouachita Parish, LA",22073,2020,2020,1954,152439,12.82
"Rapides Parish, LA",22079,2010,2010,1743,131613,13.24
"Rapides Parish, LA",22079,2020,2020,1638,128567,12.74
"St. Tammany Parish, LA",22103,2010,2010,2741,233740,11.73
"St. Tammany Parish, LA",22103,2020,2020,2938,263446,11.15
"Tangipahoa Parish, LA",22105,2010,2010,1834,121097,15.14
"Tangipahoa Parish, LA",22105,2020,2020,1937,136765,14.16
"Terrebonne Parish, LA",22109,2010,2010,1675,111860,14.97
"Terrebonne Parish, LA",22109,2020,2020,1424,109859,12.96
"Unidentified Counties, LA",22999,2010,2010,26062,1895475,13.75
"Unidentified Counties, LA",22999,2020,2020,18174,1505707,12.07
"Androscoggin County, ME",23001,2010,2010,1342,107702,12.46
"Androscoggin County, ME",23001,2020,2020,1096,108547,10.1
"Cumberland County, ME",23005,2010,2010,2777,281674,9.86
"Cumberland County, ME",23005,2020,2020,2753,298111,9.23
"Kennebec County, ME",23011,2010,2010,1201,122151,9.83
"Kennebec County, ME",23011,2020,2020,1060,122955,8.62
"Penobscot County, ME",23019,2010,2010,1515,153923,9.84
"Penobscot County, ME",23019,2020,2020,1204,151655,7.94
"York County, ME",23031,2010,2010,1893,197131,9.6
"York County, ME",23031,2020,2020,1725,209066,8.25
"Unidentified Counties, ME",23999,2010,2010,4242,465780,9.11
"Unidentified Counties, ME",23999,2020,2020,3701,459807,8.05
"Anne Arundel County, MD",24003,2010,2010,7063,537656,13.14
"Anne Arundel County, MD",24003,2020,2020,6816,582777,11.7
"Baltimore County, MD",24005,2010,2010,9889,805029,12.28
"Baltimore County, MD",24005,2020,2020,9352,826017,11.32
"Carroll County, MD",24013,2010,2010,1605,167134,9.6
"Carroll County, MD",24013,2020,2020,1663,169092,9.83
"Cecil County, MD",24015,2020,2020,1097,103419,10.61
"Charles County, MD",24017,2010,2010,1797,146551,12.26
"Charles County, MD",24017,2020,2020,1790,164436,10.89
"Frederick County, MD",24021,2010,2010,2852,233385,12.22
"Frederick County, MD",24021,2020,2020,2965,265161,11.18
"Harford County, MD",24025,2010,2010,2709,244826,11.07
"Harford County, MD",24025,2020,2020,2574,256805,10.02
"Howard County, MD",24027,2010,2010,3372,287085,11.75
"Howard County, MD",24027,2020,2020,3350,328200,10.21
"Montgomery County, MD",24031,2010,2010,13304,971777,13.69
"Montgomery County, MD",24031,2020,2020,11696,1051816,11.12
"Prince George's County, MD",24033,2010,2010,12185,863420,14.11
"Prince George's County, MD",24033,2020,2020,11302,909612,12.43
"St. Mary's County, MD",24037,2020,2020,1381,114687,12.04
"Washington County, MD",24043,2010,2010,1768,147430,11.99
"Washington County, MD",24043,2020,2020,1683,151146,11.13
"Baltimore city, MD",24510,2010,2010,8956,620961,14.42
"Baltimore city, MD",24510,2020,2020,7403,586131,12.63
"Unidentified Counties, MD",24999,2010,2010,8301,748298,11.09
"Unidentified Counties, MD",24999,2020,2020,5482,546503,10.03
"Barnstable County, MA",25001,2010,2010,1714,215888,7.94
"Barnstable County, MA",25001,2020,2020,1414,213164,6.63
"Berkshire County, MA",25003,2010,2010,1174,131219,8.95
"Berkshire County, MA",25003,2020,2020,924,124571,7.42
"Bristol County, MA",25005,2010,2010,5872,548285,10.71
"Bristol County, MA",25005,2020,2020,5541,566765,9.78
"Essex County, MA",25009,2010,2010,8317,743159,11.19
"Essex County, MA",25009,2020,2020,8147,791263,10.3
"Hampden County, MA",25013,2010,2010,5416,463490,11.69
"Hampden County, MA",25013,2020,2020,4758,463986,10.25
"Hampshire County, MA",25015,2010,2010,1171,158080,7.41
"Hampshire County, MA",25015,2020,2020,903,161401,5.59
"Middlesex County, MA",25017,2010,2010,17749,1503085,11.81
"Middlesex County, MA",25017,2020,2020,15762,1609379,9.79
"Norfolk County, MA",25021,2010,2010,7122,670850,10.62
"Norfolk County, MA",25021,2020,2020,6773,709409,9.55
"Plymouth County, MA",25023,2010,2010,5166,494919,10.44
"Plymouth County, MA",25023,2020,2020,4942,523738,9.44
"Suffolk County, MA",25025,2010,2010,9428,722023,13.06
"Suffolk County, MA",25025,2020,2020,8397,801582,10.48
"Worcester County, MA",25027,2010,2010,8790,798552,11.01
"Worcester County, MA",25027,2020,2020,8103,829212,9.77
"Unidentified Counties, MA",25999,2010,2010,946,98079,9.65
"Unidentified Counties, MA",25999,2020,2020,764,99104,7.71
"Allegan County, MI",26005,2010,2010,1362,111408,12.23
"Allegan County, MI",26005,2020,2020,1197,118927,10.06
"Bay County, MI",26017,2010,2010,1171,107771,10.87
"Bay County, MI",26017,2020,2020,924,102387,9.02
"Berrien County, MI",26021,2010,2010,1965,156813,12.53
"Berrien County, MI",26021,2020,2020,1525,153025,9.97
"Calhoun County, MI",26025,2010,2010,1646,136146,12.09
"Calhoun County, MI",26025,2020,2020,1480,133580,11.08
"Eaton County, MI",26045,2010,2010,1126,107759,10.45
"Eaton County, MI",26045,2020,2020,1021,110148,9.27
"Genesee County, MI",26049,2010,2010,5240,425790,12.31
"Genesee County, MI",26049,2020,2020,4335,404794,10.71
"Ingham County, MI",26065,2010,2010,3352,280895,11.93
"Ingham County, MI",26065,2020,2020,2943,290609,10.13
"Jackson County, MI",26075,2010,2010,1878,160248,11.72
"Jackson County, MI",26075,2020,2020,1704,156920,10.86
"Kalamazoo County, MI",26077,2010,2010,3124,250331,12.48
"Kalamazoo County, MI",26077,2020,2020,2760,265988,10.38
"Kent County, MI",26081,2010,2010,8596,602622,14.26
"Kent County, MI",26081,2020,2020,8238,658708,12.51
"Livingston County, MI",26093,2010,2010,1706,180967,9.43
"Livingston County, MI",26093,2020,2020,1656,192335,8.61
"Macomb County, MI",26099,2010,2010,9108,840978,10.83
"Macomb County, MI",26099,2020,2020,8851,870791,10.16
"Monroe County, MI",26115,2010,2010,1591,152021,10.47
"Monroe County, MI",26115,2020,2020,1552,150568,10.31
"Muskegon County, MI",26121,2010,2010,2171,172188,12.61
"Muskegon County, MI",26121,2020,2020,1889,173883,10.86
"Oakland County, MI",26125,2010,2010,13091,1202362,10.89
"Oakland County, MI",26125,2020,2020,12297,1253459,9.81
"Ottawa County, MI",26139,2010,2010,3374,263801,12.79
"Ottawa County, MI",26139,2020,2020,3084,294635,10.47
"Saginaw County, MI",26145,2010,2010,2295,200169,11.47
"Saginaw County, MI",26145,2020,2020,1989,189868,10.48
"St. Clair County, MI",26147,2010,2010,1620,163040,9.94
"St. Clair County, MI",26147,2020,2020,1496,159293,9.39
"Washtenaw County, MI",26161,2010,2010,3819,344791,11.08
"Washtenaw County, MI",26161,2020,2020,3187,366473,8.7
"Wayne County, MI",26163,2010,2010,24209,1820584,13.3
"Wayne County, MI",26163,2020,2020,21800,1740623,12.52
"Unidentified Counties, MI",26999,2010,2010,22087,2202956,10.03
"Unidentified Counties, MI",26999,2020,2020,20146,2179541,9.24
"Anoka County, MN",27003,2010,2010,4191,330844,12.67
"Anoka County, MN",27003,2020,2020,3995,359921,11.1
"Dakota County, MN",27037,2010,2010,5176,398552,12.99
"Dakota County, MN",27037,2020,2020,4951,431807,11.47
"Hennepin County, MN",27053,2010,2010,15974,1152425,13.86
"Hennepin County, MN",27053,2020,2020,14837,1268408,11.7
"Olmsted County, MN",27109,2010,2010,2143,144248,14.86
"Olmsted County, MN",27109,2020,2020,1918,159298,12.04
"Ramsey County, MN",27123,2010,2010,7281,508640,14.31
"Ramsey County, MN",27123,2020,2020,6943,547903,12.67
"St. Louis County, MN",27137,2010,2010,2044,200226,10.21
"St. Louis County, MN",27137,2020,2020,1763,198538,8.88
"Scott County, MN",27139,2020,2020,1641,150689,10.89
"Stearns County, MN",27145,2010,2010,1924,150642,12.77
"Stearns County, MN",27145,2020,2020,1987,162038,12.26
"Washington County, MN",27163,2010,2010,2876,238136,12.08
"Washington County, MN",27163,2020,2020,2668,265476,10.05
"Wright County, MN",27171,2020,2020,1734,140249,12.36
"Unidentified Counties, MN",27999,2010,2010,27001,2180212,12.38
"Unidentified Counties, MN",27999,2020,2020,21006,1973015,10.65
"DeSoto County, MS",28033,2010,2010,2034,161252,12.61
"DeSoto County, MS",28033,2020,2020,2197,188275,11.67
"Harrison County, MS",28047,2010,2010,2758,187105,14.74
"Harrison County, MS",28047,2020,2020,2458,208801,11.77
"Hinds County, MS",28049,2010,2010,3536,245285,14.42
"Hinds County, MS",28049,2020,2020,2868,227966,12.58
"Jackson County, MS",28059,2010,2010,1707,139668,12.22
"Jackson County, MS",28059,2020,2020,1567,143802,10.9
"Rankin County, MS",28121,2010,2010,1953,141617,13.79
"Rankin County, MS",28121,2020,2020,1699,155975,10.89
"Unidentified Counties, MS",28999,2010,2010,28048,2092370,13.4
"Unidentified Counties, MS",28999,2020,2020,24684,2041967,12.09
"Boone County, MO",29019,2010,2010,2003,162642,12.32
"Boone County, MO",29019,2020,2020,1980,182991,10.82
"Clay County, MO",29047,2010,2010,3126,221939,14.08
"Clay County, MO",29047,2020,2020,2990,253463,11.8
"Franklin County, MO",29071,2020,2020,1101,104469,10.54
"Greene County, MO",29077,2010,2010,3537,275174,12.85
"Greene County, MO",29077,2020,2020,3242,294997,10.99
"Jackson County, MO",29095,2010,2010,9781,674158,14.51
"Jackson County, MO",29095,2020,2020,8776,705925,12.43
"Jasper County, MO",29097,2010,2010,1783,117404,15.19
"Jasper County, MO",29097,2020,2020,1519,121648,12.49
"Jefferson County, MO",29099,2010,2010,2749,218733,12.57
"Jefferson County, MO",29099,2020,2020,2385,226543,10.53
"St. Charles County, MO",29183,2010,2010,4593,360485,12.74
"St. Charles County, MO",29183,2020,2020,4073,406204,10.03
"St. Louis County, MO",29189,2010,2010,11682,998954,11.69
"St. Louis County, MO",29189,2020,2020,10584,994020,10.65
"St. Louis city, MO",29510,2010,2010,4812,319294,15.07
"St. Louis city, MO",29510,2020,2020,3791,297645,12.74
"Unidentified Counties, MO",29999,2010,2010,32693,2640144,12.38
"Unidentified Counties, MO",29999,2020,2020,28844,2563643,11.25
"Missoula County, MT",30063,2020,2020,1063,121630,8.74
"Yellowstone County, MT",30111,2010,2010,1947,147972,13.16
"Yellowstone County, MT",30111,2020,2020,1829,162990,11.22
"Unidentified Counties, MT",30999,2010,2010,10113,841443,12.02
"Unidentified Counties, MT",30999,2020,2020,7899,795957,9.92
"Douglas County, NE",31055,2010,2010,8205,517110,15.87
"Douglas County, NE",31055,2020,2020,7889,574332,13.74
"Lancaster County, NE",31109,2010,2010,4152,285407,14.55
"Lancaster County, NE",31109,2020,2020,3714,320650,11.58
"Sarpy County, NE",31153,2010,2010,2562,158840,16.13
"Sarpy County, NE",31153,2020,2020,2423,188856,12.83
"Unidentified Counties, NE",31999,2010,2010,10999,864984,12.72
"Unidentified Counties, NE",31999,2020,2020,10265,853714,12.02
"Clark County, NV",32003,2010,2010,26752,1951269,13.71
"Clark County, NV",32003,2020,2020,25330,2315963,10.94
"Washoe County, NV",32031,2010,2010,5445,421407,12.92
"Washoe County, NV",32031,2020,2020,4955,477082,10.39
"Unidentified Counties, NV",32999,2010,2010,3737,327875,11.4
"Unidentified Counties, NV",32999,2020,2020,3368,345214,9.76
"Hillsborough County, NH",33011,2010,2010,4488,400721,11.2
"Hillsborough County, NH",33011,2020,2020,4081,418735,9.75
"Merrimack County, NH",33013,2010,2010,1402,146445,9.57
"Merrimack County, NH",33013,2020,2020,1276,152622,8.36
"Rockingham County, NH",33015,2010,2010,2549,295223,8.63
"Rockingham County, NH",33015,2020,2020,2648,311307,8.51
"Strafford County, NH",33017,2010,2010,1283,123143,10.42
"Strafford County, NH",33017,2020,2020,1170,131533,8.9
"Unidentified Counties, NH",33999,2010,2010,3152,350938,8.98
"Unidentified Counties, NH",33999,2020,2020,2616,352078,7.43
"Atlantic County, NJ",34001,2010,2010,3285,274549,11.97
"Atlantic County, NJ",34001,2020,2020,2823,262945,10.74
"Bergen County, NJ",34003,2010,2010,9360,905116,10.34
"Bergen County, NJ",34003,2020,2020,8653,930394,9.3
"Burlington County, NJ",34005,2010,2010,4765,448734,10.62
"Burlington County, NJ",34005,2020,2020,4376,446596,9.8
"Camden County, NJ",34007,2010,2010,6742,513657,13.13
"Camden County, NJ",34007,2020,2020,5933,506809,11.71
"Cape May County, NJ",34009,2010,2010,919,97265,9.45
"Cumberland County, NJ",34011,2010,2010,2340,156898,14.91
"Cumberland County, NJ",34011,2020,2020,1819,147008,12.37
"Essex County, NJ",34013,2010,2010,10465,783969,13.35
"Essex County, NJ",34013,2020,2020,9652,800501,12.06
"Gloucester County, NJ",34015,2010,2010,3234,288288,11.22
"Gloucester County, NJ",34015,2020,2020,2727,293245,9.3
"Hudson County, NJ",34017,2010,2010,10064,634266,15.87
"Hudson County, NJ",34017,2020,2020,9544,671666,14.21
"Hunterdon County, NJ",34019,2010,2010,995,128349,7.75
"Hunterdon County, NJ",34019,2020,2020,994,124797,7.96
"Mercer County, NJ",34021,2010,2010,4442,366513,12.12
"Mercer County, NJ",34021,2020,2020,3985,367239,10.85
"Middlesex County, NJ",34023,2010,2010,10067,809858,12.43
"Middlesex County, NJ",34023,2020,2020,8426,822736,10.24
"Monmouth County, NJ",34025,2010,2010,6392,630380,10.14
"Monmouth County, NJ",34025,2020,2020,5852,618381,9.46
"Morris County, NJ",34027,2010,2010,4852,492276,9.86
"Morris County, NJ",34027,2020,2020,4580,491087,9.33
"Ocean County, NJ",34029,2010,2010,7945,576567,13.78
"Ocean County, NJ",34029,2020,2020,9316,614237,15.17
"Passaic County, NJ",34031,2010,2010,7187,501226,14.34
"Passaic County, NJ",34031,2020,2020,6260,500382,12.51
"Somerset County, NJ",34035,2010,2010,3533,323444,10.92
"Somerset County, NJ",34035,2020,2020,2927,329331,8.89
"Sussex County, NJ",34037,2010,2010,1424,149265,9.54
"Sussex County, NJ",34037,2020,2020,1299,140002,9.28
"Union County, NJ",34039,2010,2010,7068,536499,13.17
"Union County, NJ",34039,2020,2020,6369,555394,11.47
"Warren County, NJ",34041,2010,2010,1054,108692,9.7
"Warren County, NJ",34041,2020,2020,1018,105624,9.64
"Unidentified Counties, NJ",34999,2010,2010,789,66083,11.94
"Unidentified Counties, NJ",34999,2020,2020,1401,153997,9.1
"Bernalillo County, NM",35001,2010,2010,8607,662564,12.99
"Bernalillo County, NM",35001,2020,2020,6545,681666,9.6
"Dona Ana County, NM",35013,2010,2010,3251,209233,15.54
"Dona Ana County, NM",35013,2020,2020,2471,221262,11.17
"Sandoval County, NM",35043,2020,2020,1321,148904,8.87
"San Juan County, NM",35045,2010,2010,1942,130044,14.93
"San Juan County, NM",35045,2020,2020,1337,123312,10.84
"Santa Fe County, NM",35049,2010,2010,1511,144170,10.48
"Santa Fe County, NM",35049,2020,2020,1106,151946,7.28
"Unidentified Counties, NM",35999,2010,2010,12539,913168,13.73
"Unidentified Counties, NM",35999,2020,2020,9123,779229,11.71
"Albany County, NY",36001,2010,2010,3032,304204,9.97
"Albany County, NY",36001,2020,2020,2810,303654,9.25
"Bronx County, NY",36005,2010,2010,22490,1385108,16.24
"Bronx County, NY",36005,2020,2020,17851,1401142,12.74
"Broome County, NY",36007,2010,2010,2052,200600,10.23
"Broome County, NY",36007,2020,2020,1788,189420,9.44
"Chautauqua County, NY",36013,2010,2010,1383,134905,10.25
"Chautauqua County, NY",36013,2020,2020,1239,126032,9.83
"Dutchess County, NY",36027,2010,2010,2874,297488,9.66
"Dutchess County, NY",36027,2020,2020,2564,293293,8.74
"Erie County, NY",36029,2010,2010,9773,919040,10.63
"Erie County, NY",36029,2020,2020,9456,917241,10.31
"Jefferson County, NY",36045,2010,2010,2091,116229,17.99
"Jefferson County, NY",36045,2020,2020,1794,108095,16.6
"Kings County, NY",36047,2010,2010,41964,2504700,16.75
"Kings County, NY",36047,2020,2020,34442,2538934,13.57
"Monroe County, NY",36055,2010,2010,8545,744344,11.48
"Monroe County, NY",36055,2020,2020,7522,740900,10.15
"Nassau County, NY",36059,2010,2010,14242,1339532,10.63
"Nassau County, NY",36059,2020,2020,13294,1351334,9.84
"New York County, NY",36061,2010,2010,20005,1585873,12.61
"New York County, NY",36061,2020,2020,14755,1611989,9.15
"Niagara County, NY",36063,2010,2010,2217,216469,10.24
"Niagara County, NY",36063,2020,2020,1976,208396,9.48
"Oneida County, NY",36065,2010,2010,2630,234878,11.2
"Oneida County, NY",36065,2020,2020,2382,227346,10.48
"Onondaga County, NY",36067,2010,2010,5352,467026,11.46
"Onondaga County, NY",36067,2020,2020,4864,459214,10.59
"Ontario County, NY",36069,2010,2010,1045,107931,9.68
"Ontario County, NY",36069,2020,2020,941,110091,8.55
"Orange County, NY",36071,2010,2010,5171,372813,13.87
"Orange County, NY",36071,2020,2020,5231,385234,13.58
"Oswego County, NY",36075,2010,2010,1332,122109,10.91
"Oswego County, NY",36075,2020,2020,1168,116346,10.04
"Queens County, NY",36081,2010,2010,30573,2230722,13.71
"Queens County, NY",36081,2020,2020,24635,2225821,11.07
"Rensselaer County, NY",36083,2010,2010,1697,159429,10.64
"Rensselaer County, NY",36083,2020,2020,1577,158108,9.97
"Richmond County, NY",36085,2010,2010,5665,468730,12.09
"Richmond County, NY",36085,2020,2020,4958,475327,10.43
"Rockland County, NY",36087,2010,2010,4896,311687,15.71
"Rockland County, NY",36087,2020,2020,5728,326225,17.56
"St. Lawrence County, NY",36089,2010,2010,1206,111944,10.77
"St. Lawrence County, NY",36089,2020,2020,994,107185,9.27
"Saratoga County, NY",36091,2010,2010,2305,219607,10.5
"Saratoga County, NY",36091,2020,2020,1961,230298,8.52
"Schenectady County, NY",36093,2010,2010,1882,154727,12.16
"Schenectady County, NY",36093,2020,2020,1794,155358,11.55
"Suffolk County, NY",36103,2010,2010,16807,1493350,11.25
"Suffolk County, NY",36103,2020,2020,14742,1474273,10
"Tompkins County, NY",36109,2020,2020,663,101058,6.56
"Ulster County, NY",36111,2010,2010,1695,182493,9.29
"Ulster County, NY",36111,2020,2020,1476,177716,8.31
"Westchester County, NY",36119,2010,2010,11141,949113,11.74
"Westchester County, NY",36119,2020,2020,9618,965802,9.96
"Unidentified Counties, NY",36999,2010,2010,20310,2043051,9.94
"Unidentified Counties, NY",36999,2020,2020,17115,1850944,9.25
"Alamance County, NC",37001,2010,2010,1856,151131,12.28
"Alamance County, NC",37001,2020,2020,1831,171346,10.69
"Brunswick County, NC",37019,2020,2020,1000,149039,6.71
"Buncombe County, NC",37021,2010,2010,2571,238318,10.79
"Buncombe County, NC",37021,2020,2020,2325,263477,8.82
"Cabarrus County, NC",37025,2010,2010,2362,178011,13.27
"Cabarrus County, NC",37025,2020,2020,2541,221479,11.47
"Catawba County, NC",37035,2010,2010,1829,154358,11.85
"Catawba County, NC",37035,2020,2020,1593,160307,9.94
"Craven County, NC",37049,2020,2020,1312,101233,12.96
"Cumberland County, NC",37051,2010,2010,5839,319431,18.28
"Cumberland County, NC",37051,2020,2020,5118,336364,15.22
"Davidson County, NC",37057,2010,2010,1729,162878,10.62
"Davidson County, NC",37057,2020,2020,1699,169234,10.04
"Durham County, NC",37063,2010,2010,4258,267587,15.91
"Durham County, NC",37063,2020,2020,4012,327306,12.26
"Forsyth County, NC",37067,2010,2010,4688,350670,13.37
"Forsyth County, NC",37067,2020,2020,4288,383843,11.17
"Gaston County, NC",37071,2010,2010,2602,206086,12.63
"Gaston County, NC",37071,2020,2020,2547,226568,11.24
"Guilford County, NC",37081,2010,2010,6005,488406,12.3
"Guilford County, NC",37081,2020,2020,5927,540521,10.97
"Harnett County, NC",37085,2020,2020,1867,137058,13.62
"Henderson County, NC",37089,2020,2020,1004,118445,8.48
"Iredell County, NC",37097,2010,2010,1829,159437,11.47
"Iredell County, NC",37097,2020,2020,1897,185770,10.21
"Johnston County, NC",37101,2010,2010,2257,168878,13.36
"Johnston County, NC",37101,2020,2020,2487,216246,11.5
"Mecklenburg County, NC",37119,2010,2010,13898,919628,15.11
"Mecklenburg County, NC",37119,2020,2020,14654,1128945,12.98
"New Hanover County, NC",37129,2010,2010,2229,202667,11
"New Hanover County, NC",37129,2020,2020,2089,236613,8.83
"Onslow County, NC",37133,2010,2010,4300,177772,24.19
"Onslow County, NC",37133,2020,2020,3730,203943,18.29
"Orange County, NC",37135,2010,2010,1212,133801,9.06
"Orange County, NC",37135,2020,2020,1105,149077,7.41
"Pitt County, NC",37147,2010,2010,2146,168148,12.76
"Pitt County, NC",37147,2020,2020,2002,182924,10.94
"Randolph County, NC",37151,2010,2010,1675,141752,11.82
"Randolph County, NC",37151,2020,2020,1559,144557,10.78
"Robeson County, NC",37155,2010,2010,2106,134168,15.7
"Robeson County, NC",37155,2020,2020,1730,129999,13.31
"Rowan County, NC",37159,2010,2010,1533,138428,11.07
"Rowan County, NC",37159,2020,2020,1587,142495,11.14
"Union County, NC",37179,2010,2010,2478,201292,12.31
"Union County, NC",37179,2020,2020,2328,244562,9.52
"Wake County, NC",37183,2010,2010,12704,900993,14.1
"Wake County, NC",37183,2020,2020,12550,1132271,11.08
"Wayne County, NC",37191,2010,2010,1623,122623,13.24
"Wayne County, NC",37191,2020,2020,1543,123967,12.45
"Unidentified Counties, NC",37999,2010,2010,38621,3449020,11.2
"Unidentified Counties, NC",37999,2020,2020,30405,3073234,9.89
"Cass County, ND",38017,2010,2010,2158,149778,14.41
"Cass County, ND",38017,2020,2020,2353,183904,12.79
"Unidentified Counties, ND",38999,2010,2010,6946,522813,13.29
"Unidentified Counties, ND",38999,2020,2020,7706,581405,13.25
"Allen County, OH",39003,2010,2010,1306,106331,12.28
"Allen County, OH",39003,2020,2020,1184,101980,11.61
"Ashtabula County, OH",39007,2010,2010,1160,101497,11.43
"Ashtabula County, OH",39007,2020,2020,1016,96513,10.53
"Butler County, OH",39017,2010,2010,4605,368130,12.51
"Butler County, OH",39017,2020,2020,4366,385648,11.32
"Clark County, OH",39023,2010,2010,1681,138333,12.15
"Clark County, OH",39023,2020,2020,1506,133593,11.27
"Clermont County, OH",39025,2010,2010,2489,197363,12.61
"Clermont County, OH",39025,2020,2020,2167,207449,10.45
"Columbiana County, OH",39029,2010,2010,1112,107841,10.31
"Columbiana County, OH",39029,2020,2020,984,101118,9.73
"Cuyahoga County, OH",39035,2010,2010,15112,1280122,11.81
"Cuyahoga County, OH",39035,2020,2020,13191,1227883,10.74
"Delaware County, OH",39041,2010,2010,2200,174214,12.63
"Delaware County, OH",39041,2020,2020,1975,213554,9.25
"Fairfield County, OH",39045,2010,2010,1652,146156,11.3
"Fairfield County, OH",39045,2020,2020,1627,159709,10.19
"Franklin County, OH",39049,2010,2010,17824,1163414,15.32
"Franklin County, OH",39049,2020,2020,17557,1324624,13.25
"Greene County, OH",39057,2010,2010,1723,161573,10.66
"Greene County, OH",39057,2020,2020,1712,170122,10.06
"Hamilton County, OH",39061,2010,2010,10850,802374,13.52
"Hamilton County, OH",39061,2020,2020,10383,817985,12.69
"Lake County, OH",39085,2010,2010,2374,230041,10.32
"Lake County, OH",39085,2020,2020,2021,229569,8.8
"Licking County, OH",39089,2010,2010,2000,166492,12.01
"Licking County, OH",39089,2020,2020,1822,178100,10.23
"Lorain County, OH",39093,2010,2010,3329,301356,11.05
"Lorain County, OH",39093,2020,2020,3185,312172,10.2
"Lucas County, OH",39095,2010,2010,5846,441815,13.23
"Lucas County, OH",39095,2020,2020,5171,428294,12.07
"Mahoning County, OH",39099,2010,2010,2417,238823,10.12
"Mahoning County, OH",39099,2020,2020,2326,226075,10.29
"Medina County, OH",39103,2010,2010,1746,172332,10.13
"Medina County, OH",39103,2020,2020,1583,180912,8.75
"Miami County, OH",39109,2020,2020,1144,107516,10.64
"Montgomery County, OH",39113,2010,2010,6728,535153,12.57
"Montgomery County, OH",39113,2020,2020,6170,531610,11.61
"Portage County, OH",39133,2010,2010,1479,161419,9.16
"Portage County, OH",39133,2020,2020,1306,162583,8.03
"Richland County, OH",39139,2010,2010,1369,124475,11
"Richland County, OH",39139,2020,2020,1321,120891,10.93
"Stark County, OH",39151,2010,2010,4087,375586,10.88
"Stark County, OH",39151,2020,2020,3934,369772,10.64
"Summit County, OH",39153,2010,2010,6071,541781,11.21
"Summit County, OH",39153,2020,2020,5481,538866,10.17
"Trumbull County, OH",39155,2010,2010,2124,210312,10.1
"Trumbull County, OH",39155,2020,2020,1983,196800,10.08
"Warren County, OH",39165,2010,2010,2554,212693,12.01
"Warren County, OH",39165,2020,2020,2347,238412,9.84
"Wayne County, OH",39169,2010,2010,1445,114520,12.62
"Wayne County, OH",39169,2020,2020,1398,115694,12.08
"Wood County, OH",39173,2010,2010,1309,125488,10.43
"Wood County, OH",39173,2020,2020,1180,131113,9
"Unidentified Counties, OH",39999,2010,2010,32536,2836870,11.47
"Unidentified Counties, OH",39999,2020,2020,29151,2684660,10.86
"Canadian County, OK",40017,2020,2020,1845,153192,12.04
"Cleveland County, OK",40027,2010,2010,2960,255755,11.57
"Cleveland County, OK",40027,2020,2020,2695,287066,9.39
"Comanche County, OK",40031,2010,2010,2153,124098,17.35
"Comanche County, OK",40031,2020,2020,1709,121099,14.11
"Oklahoma County, OK",40109,2010,2010,12190,718633,16.96
"Oklahoma County, OK",40109,2020,2020,10916,804041,13.58
"Tulsa County, OK",40143,2010,2010,9280,603403,15.38
"Tulsa County, OK",40143,2020,2020,8699,657589,13.23
"Unidentified Counties, OK",40999,2010,2010,26655,2049462,13.01
"Unidentified Counties, OK",40999,2020,2020,21759,1957796,11.11
"Clackamas County, OR",41005,2010,2010,3856,375992,10.26
"Clackamas County, OR",41005,2020,2020,3734,421596,8.86
"Deschutes County, OR",41017,2010,2010,1717,157733,10.89
"Deschutes County, OR",41017,2020,2020,1822,201769,9.03
"Douglas County, OR",41019,2010,2010,1048,107667,9.73
"Douglas County, OR",41019,2020,2020,1042,111364,9.36
"Jackson County, OR",41029,2010,2010,2335,203206,11.49
"Jackson County, OR",41029,2020,2020,2084,221844,9.39
"Lane County, OR",41039,2010,2010,3491,351715,9.93
"Lane County, OR",41039,2020,2020,2990,382986,7.81
"Linn County, OR",41043,2010,2010,1459,116672,12.51
"Linn County, OR",41043,2020,2020,1463,131054,11.16
"Marion County, OR",41047,2010,2010,4663,315335,14.79
"Marion County, OR",41047,2020,2020,3939,349204,11.28
"Multnomah County, OR",41051,2010,2010,9654,735334,13.13
"Multnomah County, OR",41051,2020,2020,7524,815637,9.22
"Washington County, OR",41067,2010,2010,7047,529710,13.3
"Washington County, OR",41067,2020,2020,5958,603514,9.87
"Unidentified Counties, OR",41999,2010,2010,10270,937710,10.95
"Unidentified Counties, OR",41999,2020,2020,9264,1002539,9.24
"Adams County, PA",42001,2020,2020,872,102742,8.49
"Allegheny County, PA",42003,2010,2010,12904,1223348,10.55
"Allegheny County, PA",42003,2020,2020,12104,1211358,9.99
"Beaver County, PA",42007,2010,2010,1744,170539,10.23
"Beaver County, PA",42007,2020,2020,1526,162575,9.39
"Berks County, PA",42011,2010,2010,4801,411442,11.67
"Berks County, PA",42011,2020,2020,4360,421017,10.36
"Blair County, PA",42013,2010,2010,1422,127089,11.19
"Blair County, PA",42013,2020,2020,1187,121007,9.81
"Bucks County, PA",42017,2010,2010,6118,625249,9.78
"Bucks County, PA",42017,2020,2020,5462,627987,8.7
"Butler County, PA",42019,2010,2010,1779,183862,9.68
"Butler County, PA",42019,2020,2020,1708,189135,9.03
"Cambria County, PA",42021,2010,2010,1416,143679,9.86
"Cambria County, PA",42021,2020,2020,1205,128672,9.36
"Centre County, PA",42027,2010,2010,1347,153990,8.75
"Centre County, PA",42027,2020,2020,1069,161496,6.62
"Chester County, PA",42029,2010,2010,5536,498886,11.1
"Chester County, PA",42029,2020,2020,5206,526759,9.88
"Cumberland County, PA",42041,2010,2010,2468,235406,10.48
"Cumberland County, PA",42041,2020,2020,2602,255857,10.17
"Dauphin County, PA",42043,2010,2010,3408,268100,12.71
"Dauphin County, PA",42043,2020,2020,3334,279874,11.91
"Delaware County, PA",42045,2010,2010,6838,558979,12.23
"Delaware County, PA",42045,2020,2020,6281,566753,11.08
"Erie County, PA",42049,2010,2010,3276,280566,11.68
"Erie County, PA",42049,2020,2020,2608,268426,9.72
"Fayette County, PA",42051,2010,2010,1355,136606,9.92
"Fayette County, PA",42051,2020,2020,1283,128126,10.01
"Franklin County, PA",42055,2010,2010,1949,149618,13.03
"Franklin County, PA",42055,2020,2020,1635,155637,10.51
"Lackawanna County, PA",42069,2010,2010,2244,214437,10.46
"Lackawanna County, PA",42069,2020,2020,2054,208989,9.83
"Lancaster County, PA",42071,2010,2010,6945,519445,13.37
"Lancaster County, PA",42071,2020,2020,6874,546192,12.59
"Lebanon County, PA",42075,2010,2010,1627,133568,12.18
"Lebanon County, PA",42075,2020,2020,1545,141663,10.91
"Lehigh County, PA",42077,2010,2010,4162,349497,11.91
"Lehigh County, PA",42077,2020,2020,4057,370802,10.94
"Luzerne County, PA",42079,2010,2010,3184,320918,9.92
"Luzerne County, PA",42079,2020,2020,3176,316982,10.02
"Lycoming County, PA",42081,2010,2010,1217,116111,10.48
"Lycoming County, PA",42081,2020,2020,1169,113209,10.33
"Mercer County, PA",42085,2010,2010,1141,116638,9.78
"Mercer County, PA",42085,2020,2020,1017,108545,9.37
"Monroe County, PA",42089,2010,2010,1521,169842,8.96
"Monroe County, PA",42089,2020,2020,1427,170154,8.39
"Montgomery County, PA",42091,2010,2010,9129,799874,11.41
"Montgomery County, PA",42091,2020,2020,8261,833869,9.91
"Northampton County, PA",42095,2010,2010,3027,297735,10.17
"Northampton County, PA",42095,2020,2020,2817,305892,9.21
"Philadelphia County, PA",42101,2010,2010,23203,1526006,15.21
"Philadelphia County, PA",42101,2020,2020,19896,1578487,12.6
"Schuylkill County, PA",42107,2010,2010,1383,148289,9.33
"Schuylkill County, PA",42107,2020,2020,1283,140709,9.12
"Washington County, PA",42125,2010,2010,1943,207820,9.35
"Washington County, PA",42125,2020,2020,1882,206803,9.1
"Westmoreland County, PA",42129,2010,2010,3196,365169,8.75
"Westmoreland County, PA",42129,2020,2020,2772,347087,7.99
"York County, PA",42133,2010,2010,5064,434972,11.64
"York County, PA",42133,2020,2020,4650,450448,10.32
"Unidentified Counties, PA",42999,2010,2010,17974,1814699,9.9
"Unidentified Counties, PA",42999,2020,2020,15371,1636002,9.4
"Kent County, RI",44003,2010,2010,1616,166158,9.73
"Kent County, RI",44003,2020,2020,1373,164646,8.34
"Providence County, RI",44007,2010,2010,7460,626667,11.9
"Providence County, RI",44007,2020,2020,6923,636547,10.88
"Washington County, RI",44009,2010,2010,979,126979,7.71
"Washington County, RI",44009,2020,2020,820,125746,6.52
"Unidentified Counties, RI",44999,2010,2010,1122,132763,8.45
"Unidentified Counties, RI",44999,2020,2020,985,130186,7.57
"Aiken County, SC",45003,2010,2010,1982,160099,12.38
"Aiken County, SC",45003,2020,2020,1903,172895,11.01
"Anderson County, SC",45007,2010,2010,2245,187126,12
"Anderson County, SC",45007,2020,2020,2151,204353,10.53
"Beaufort County, SC",45013,2010,2010,2158,162233,13.3
"Beaufort County, SC",45013,2020,2020,1854,195656,9.48
"Berkeley County, SC",45015,2010,2010,2512,177843,14.12
"Berkeley County, SC",45015,2020,2020,2778,235987,11.77
"Charleston County, SC",45019,2010,2010,4847,350209,13.84
"Charleston County, SC",45019,2020,2020,4900,417981,11.72
"Dorchester County, SC",45035,2020,2020,1892,165737,11.42
"Florence County, SC",45041,2010,2010,1791,136885,13.08
"Florence County, SC",45041,2020,2020,1589,137588,11.55
"Greenville County, SC",45045,2010,2010,6109,451225,13.54
"Greenville County, SC",45045,2020,2020,6232,532486,11.7
"Horry County, SC",45051,2010,2010,3070,269291,11.4
"Horry County, SC",45051,2020,2020,3094,365449,8.47
"Lexington County, SC",45063,2010,2010,3411,262391,13
"Lexington County, SC",45063,2020,2020,3157,303946,10.39
"Pickens County, SC",45077,2010,2010,1171,119224,9.82
"Pickens County, SC",45077,2020,2020,1153,127983,9.01
"Richland County, SC",45079,2010,2010,4870,384504,12.67
"Richland County, SC",45079,2020,2020,4629,419051,11.05
"Spartanburg County, SC",45083,2010,2010,3682,284307,12.95
"Spartanburg County, SC",45083,2020,2020,3798,326205,11.64
"Sumter County, SC",45085,2010,2010,1536,107456,14.29
"Sumter County, SC",45085,2020,2020,1403,106360,13.19
"York County, SC",45091,2010,2010,2950,226073,13.05
"York County, SC",45091,2020,2020,2862,289105,9.9
"Unidentified Counties, SC",45999,2010,2010,16008,1346498,11.89
"Unidentified Counties, SC",45999,2020,2020,12309,1217258,10.11
"Minnehaha County, SD",46099,2010,2010,2751,169468,16.23
"Minnehaha County, SD",46099,2020,2020,2730,196659,13.88
"Pennington County, SD",46103,2020,2020,1377,115926,11.88
"Unidentified Counties, SD",46999,2010,2010,9060,644712,14.05
"Unidentified Counties, SD",46999,2020,2020,6853,580132,11.81
"Blount County, TN",47009,2010,2010,1189,123010,9.67
"Blount County, TN",47009,2020,2020,1289,134751,9.57
"Davidson County, TN",47037,2010,2010,9564,626681,15.26
"Davidson County, TN",47037,2020,2020,9655,694176,13.91
"Hamilton County, TN",47065,2010,2010,4121,336463,12.25
"Hamilton County, TN",47065,2020,2020,4220,371662,11.35
"Knox County, TN",47093,2010,2010,5098,432226,11.79
"Knox County, TN",47093,2020,2020,5079,475609,10.68
"Montgomery County, TN",47125,2010,2010,3225,172331,18.71
"Montgomery County, TN",47125,2020,2020,3526,214251,16.46
"Rutherford County, TN",47149,2010,2010,3769,262604,14.35
"Rutherford County, TN",47149,2020,2020,4092,339261,12.06
"Shelby County, TN",47157,2010,2010,13813,927644,14.89
"Shelby County, TN",47157,2020,2020,12593,936017,13.45
"Sullivan County, TN",47163,2010,2010,1614,156823,10.29
"Sullivan County, TN",47163,2020,2020,1402,158755,8.83
"Sumner County, TN",47165,2010,2010,1880,160645,11.7
"Sumner County, TN",47165,2020,2020,2156,195561,11.02
"Washington County, TN",47179,2010,2010,1323,122979,10.76
"Washington County, TN",47179,2020,2020,1204,130367,9.24
"Williamson County, TN",47187,2010,2010,1976,183182,10.79
"Williamson County, TN",47187,2020,2020,2287,245348,9.32
"Wilson County, TN",47189,2020,2020,1627,148130,10.98
"Unidentified Counties, TN",47999,2010,2010,31923,2841517,11.23
"Unidentified Counties, TN",47999,2020,2020,29559,2842946,10.4
"Bell County, TX",48027,2010,2010,6553,310235,21.12
"Bell County, TX",48027,2020,2020,6095,369927,16.48
"Bexar County, TX",48029,2010,2010,26078,1714773,15.21
"Bexar County, TX",48029,2020,2020,25228,2026823,12.45
"Brazoria County, TX",48039,2010,2010,4900,313166,15.65
"Brazoria County, TX",48039,2020,2020,4495,380518,11.81
"Brazos County, TX",48041,2010,2010,2712,194851,13.92
"Brazos County, TX",48041,2020,2020,2635,232555,11.33
"Cameron County, TX",48061,2010,2010,7853,406220,19.33
"Cameron County, TX",48061,2020,2020,6019,424180,14.19
"Collin County, TX",48085,2010,2010,10591,782341,13.54
"Collin County, TX",48085,2020,2020,11411,1072069,10.64
"Comal County, TX",48091,2020,2020,1662,164812,10.08
"Dallas County, TX",48113,2010,2010,39729,2368139,16.78
"Dallas County, TX",48113,2020,2020,36114,2635888,13.7
"Denton County, TX",48121,2010,2010,8999,662614,13.58
"Denton County, TX",48121,2020,2020,9962,919324,10.84
"Ector County, TX",48135,2010,2010,2436,137130,17.76
"Ector County, TX",48135,2020,2020,2742,167701,16.35
"Ellis County, TX",48139,2010,2010,2067,149610,13.82
"Ellis County, TX",48139,2020,2020,2379,191760,12.41
"El Paso County, TX",48141,2010,2010,13825,800647,17.27
"El Paso County, TX",48141,2020,2020,11089,841286,13.18
"Fort Bend County, TX",48157,2010,2010,7843,585375,13.4
"Fort Bend County, TX",48157,2020,2020,8825,839706,10.51
"Galveston County, TX",48167,2010,2010,3947,291309,13.55
"Galveston County, TX",48167,2020,2020,3889,345089,11.27
"Grayson County, TX",48181,2010,2010,1524,120877,12.61
"Grayson County, TX",48181,2020,2020,1584,138318,11.45
"Gregg County, TX",48183,2010,2010,1941,121730,15.95
"Gregg County, TX",48183,2020,2020,1574,124229,12.67
"Guadalupe County, TX",48187,2020,2020,1902,170608,11.15
"Harris County, TX",48201,2010,2010,68219,4092459,16.67
"Harris County, TX",48201,2020,2020,63813,4738253,13.47
"Hays County, TX",48209,2020,2020,2804,241365,11.62
"Hidalgo County, TX",48215,2010,2010,16401,774769,21.17
"Hidalgo County, TX",48215,2020,2020,13379,875200,15.29
"Jefferson County, TX",48245,2010,2010,3558,252273,14.1
"Jefferson County, TX",48245,2020,2020,3190,250127,12.75
"Johnson County, TX",48251,2010,2010,1979,150934,13.11
"Johnson County, TX",48251,2020,2020,2118,179575,11.79
"Kaufman County, TX",48257,2020,2020,2026,143198,14.15
"Lubbock County, TX",48303,2010,2010,4103,278831,14.72
"Lubbock County, TX",48303,2020,2020,3976,314772,12.63
"McLennan County, TX",48309,2010,2010,3473,234906,14.78
"McLennan County, TX",48309,2020,2020,3198,259730,12.31
"Midland County, TX",48329,2010,2010,2266,136872,16.56
"Midland County, TX",48329,2020,2020,2919,177863,16.41
"Montgomery County, TX",48339,2010,2010,6402,455746,14.05
"Montgomery County, TX",48339,2020,2020,7428,626351,11.86
"Nueces County, TX",48355,2010,2010,4716,340223,13.86
"Nueces County, TX",48355,2020,2020,4392,363148,12.09
"Parker County, TX",48367,2020,2020,1634,148198,11.03
"Potter County, TX",48375,2010,2010,2086,121073,17.23
"Potter County, TX",48375,2020,2020,1579,116004,13.61
"Randall County, TX",48381,2010,2010,1553,120725,12.86
"Randall County, TX",48381,2020,2020,1596,139899,11.41
"Smith County, TX",48423,2010,2010,2993,209714,14.27
"Smith County, TX",48423,2020,2020,2894,235806,12.27
"Tarrant County, TX",48439,2010,2010,27893,1809034,15.42
"Tarrant County, TX",48439,2020,2020,26611,2123347,12.53
"Taylor County, TX",48441,2010,2010,1984,131506,15.09
"Taylor County, TX",48441,2020,2020,1932,139200,13.88
"Tom Green County, TX",48451,2010,2010,1553,110224,14.09
"Tom Green County, TX",48451,2020,2020,1480,120010,12.33
"Travis County, TX",48453,2010,2010,15801,1024266,15.43
"Travis County, TX",48453,2020,2020,15169,1300503,11.66
"Webb County, TX",48479,2010,2010,5527,250304,22.08
"Webb County, TX",48479,2020,2020,4344,277681,15.64
"Wichita County, TX",48485,2010,2010,1790,131500,13.61
"Wichita County, TX",48485,2020,2020,1533,133205,11.51
"Williamson County, TX",48491,2010,2010,6164,422679,14.58
"Williamson County, TX",48491,2020,2020,6855,617855,11.09
"Unidentified Counties, TX",48999,2010,2010,66659,5138506,12.97
"Unidentified Counties, TX",48999,2020,2020,55715,4794676,11.62
"Cache County, UT",49005,2020,2020,2089,130004,16.07
"Davis County, UT",49011,2010,2010,5816,306479,18.98
"Davis County, UT",49011,2020,2020,4823,359232,13.43
"Salt Lake County, UT",49035,2010,2010,18250,1029655,17.72
"Salt Lake County, UT",49035,2020,2020,15188,1165517,13.03
"Utah County, UT",49049,2010,2010,12020,516564,23.27
"Utah County, UT",49049,2020,2020,11548,651059,17.74
"Washington County, UT",49053,2020,2020,2181,184913,11.79
"Weber County, UT",49057,2010,2010,4080,231236,17.64
"Weber County, UT",49057,2020,2020,3568,262658,13.58
"Unidentified Counties, UT",49999,2010,2010,12092,679951,17.78
"Unidentified Counties, UT",49999,2020,2020,6305,496496,12.7
"Chittenden County, VT",50007,2010,2010,1573,156545,10.05
"Chittenden County, VT",50007,2020,2020,1328,164306,8.08
"Unidentified Counties, VT",50999,2010,2010,4650,469196,9.91
"Unidentified Counties, VT",50999,2020,2020,3805,459041,8.29
"Arlington County, VA",51013,2010,2010,3101,207627,14.94
"Arlington County, VA",51013,2020,2020,2645,240119,11.02
"Chesterfield County, VA",51041,2010,2010,3682,316236,11.64
"Chesterfield County, VA",51041,2020,2020,3855,358245,10.76
"Fairfax County, VA",51059,2010,2010,15180,1081726,14.03
"Fairfax County, VA",51059,2020,2020,12490,1150847,10.85
"Henrico County, VA",51087,2010,2010,3888,306935,12.67
"Henrico County, VA",51087,2020,2020,3663,333766,10.97
"Loudoun County, VA",51107,2010,2010,5067,312311,16.22
"Loudoun County, VA",51107,2020,2020,4698,422784,11.11
"Prince William County, VA",51153,2010,2010,6651,402002,16.54
"Prince William County, VA",51153,2020,2020,6183,475533,13
"Spotsylvania County, VA",51177,2020,2020,1539,138449,11.12
"Stafford County, VA",51179,2020,2020,1783,156748,11.37
"Alexandria city, VA",51510,2010,2010,2688,139966,19.2
"Alexandria city, VA",51510,2020,2020,2363,158726,14.89
"Chesapeake city, VA",51550,2010,2010,2832,222209,12.74
"Chesapeake city, VA",51550,2020,2020,2814,247011,11.39
"Hampton city, VA",51650,2010,2010,1796,137436,13.07
"Hampton city, VA",51650,2020,2020,1584,135464,11.69
"Newport News city, VA",51700,2010,2010,3016,180719,16.69
"Newport News city, VA",51700,2020,2020,2671,179062,14.92
"Norfolk city, VA",51710,2010,2010,3821,242803,15.74
"Norfolk city, VA",51710,2020,2020,3134,242803,12.91
"Portsmouth city, VA",51740,2010,2010,1591,95535,16.65
"Richmond city, VA",51760,2010,2010,2963,204214,14.51
"Richmond city, VA",51760,2020,2020,2999,232226,12.91
"Virginia Beach city, VA",51810,2010,2010,6153,437994,14.05
"Virginia Beach city, VA",51810,2020,2020,5328,451231,11.81
"Unidentified Counties, VA",51999,2010,2010,40573,3713311,10.93
"Unidentified Counties, VA",51999,2020,2020,37000,3667549,10.09
"Benton County, WA",53005,2010,2010,2533,175177,14.46
"Benton County, WA",53005,2020,2020,2496,206426,12.09
"Clark County, WA",53011,2010,2010,5485,425363,12.89
"Clark County, WA",53011,2020,2020,5354,496865,10.78
"Cowlitz County, WA",53015,2020,2020,1240,111371,11.13
"King County, WA",53033,2010,2010,24534,1931249,12.7
"King County, WA",53033,2020,2020,23686,2274315,10.41
"Kitsap County, WA",53035,2010,2010,2931,251133,11.67
"Kitsap County, WA",53035,2020,2020,2793,272787,10.24
"Pierce County, WA",53053,2010,2010,10697,795225,13.45
"Pierce County, WA",53053,2020,2020,11053,913890,12.09
"Skagit County, WA",53057,2010,2010,1474,116901,12.61
"Skagit County, WA",53057,2020,2020,1350,130789,10.32
"Snohomish County, WA",53061,2010,2010,9001,713335,12.62
"Snohomish County, WA",53061,2020,2020,9323,830393,11.23
"Spokane County, WA",53063,2010,2010,5790,471221,12.29
"Spokane County, WA",53063,2020,2020,5736,528225,10.86
"Thurston County, WA",53067,2010,2010,2957,252264,11.72
"Thurston County, WA",53067,2020,2020,2939,294074,9.99
"Whatcom County, WA",53073,2010,2010,2325,201140,11.56
"Whatcom County, WA",53073,2020,2020,2005,231016,8.68
"Yakima County, WA",53077,2010,2010,4377,243231,18
"Yakima County, WA",53077,2020,2020,3562,251879,14.14
"Unidentified Counties, WA",53999,2010,2010,14435,1148301,12.57
"Unidentified Counties, WA",53999,2020,2020,11549,1151582,10.03
"Berkeley County, WV",54003,2020,2020,1518,122125,12.43
"Kanawha County, WV",54039,2010,2010,2205,193063,11.42
"Kanawha County, WV",54039,2020,2020,1704,176253,9.67
"Unidentified Counties, WV",54999,2010,2010,18265,1659931,11
"Unidentified Counties, WV",54999,2020,2020,14101,1486409,9.49
"Brown County, WI",55009,2010,2010,3417,248007,13.78
"Brown County, WI",55009,2020,2020,2954,264610,11.16
"Dane County, WI",55025,2010,2010,6059,488073,12.41
"Dane County, WI",55025,2020,2020,5665,552536,10.25
"Fond du Lac County, WI",55039,2020,2020,970,102902,9.43
"Kenosha County, WI",55059,2010,2010,2065,166426,12.41
"Kenosha County, WI",55059,2020,2020,1738,169671,10.24
"La Crosse County, WI",55063,2010,2010,1345,114638,11.73
"La Crosse County, WI",55063,2020,2020,1122,118502,9.47
"Marathon County, WI",55073,2010,2010,1658,134063,12.37
"Marathon County, WI",55073,2020,2020,1414,135593,10.43
"Milwaukee County, WI",55079,2010,2010,14325,947735,15.11
"Milwaukee County, WI",55079,2020,2020,12277,945016,12.99
"Outagamie County, WI",55087,2010,2010,2269,176695,12.84
"Outagamie County, WI",55087,2020,2020,2043,188766,10.82
"Racine County, WI",55101,2010,2010,2484,195408,12.71
"Racine County, WI",55101,2020,2020,2114,195802,10.8
"Rock County, WI",55105,2010,2010,1992,160331,12.42
"Rock County, WI",55105,2020,2020,1883,163084,11.55
"Sheboygan County, WI",55117,2010,2010,1327,115507,11.49
"Sheboygan County, WI",55117,2020,2020,1131,115240,9.81
"Walworth County, WI",55127,2020,2020,833,103953,8.01
"Washington County, WI",55131,2010,2010,1293,131887,9.8
"Washington County, WI",55131,2020,2020,1163,136445,8.52
"Waukesha County, WI",55133,2010,2010,3891,389891,9.98
"Waukesha County, WI",55133,2020,2020,3743,406172,9.22
"Winnebago County, WI",55139,2010,2010,1874,166994,11.22
"Winnebago County, WI",55139,2020,2020,1703,171631,9.92
"Unidentified Counties, WI",55999,2010,2010,24488,2251331,10.88
"Unidentified Counties, WI",55999,2020,2020,19841,2062732,9.62
"Unidentified Counties, WY",56999,2010,2010,7556,563626,13.41
"Unidentified Counties, WY",56999,2020,2020,6128,582328,10.52
